{"cameraMode":{"drawMode":0,"name":"Shaded","section":"Shading Mode"},"sceneLighting":true,"audioPlay":false,"sceneViewState":{"showFog":true,"showMaterialUpdate":false,"showSkybox":true,"showFlares":true,"showImageEffects":true,"showParticleSystems":true,"showVisualEffectGraphs":true,"m_FxEnabled":true},"in2DMode":false,"pivot":{"x":424.16998291015627,"y":514.829833984375,"z":-7392.48974609375},"rotation":{"x":0.00022482048370875418,"y":0.688193142414093,"z":-0.00021300683147273958,"w":0.7255284786224365},"size":146.27857971191407,"orthographic":false}