{"cameraMode":{"drawMode":0,"name":"Shaded","section":"Shading Mode"},"sceneLighting":false,"audioPlay":false,"sceneViewState":{"showFog":true,"showMaterialUpdate":false,"showSkybox":false,"showFlares":true,"showImageEffects":true,"showParticleSystems":true,"showVisualEffectGraphs":true,"m_FxEnabled":true},"in2DMode":false,"pivot":{"x":0.044202327728271487,"y":0.3261864185333252,"z":-0.07468712329864502},"rotation":{"x":0.10063669830560684,"y":-0.007151958532631397,"z":0.0007296023541130126,"w":0.9949145913124085},"size":2.7517192363739015,"orthographic":false}