{"cameraMode":{"drawMode":0,"name":"Shaded","section":"Shading Mode"},"sceneLighting":false,"audioPlay":false,"sceneViewState":{"showFog":true,"showMaterialUpdate":false,"showSkybox":false,"showFlares":true,"showImageEffects":true,"showParticleSystems":true,"showVisualEffectGraphs":true,"m_FxEnabled":true},"in2DMode":false,"pivot":{"x":0.17640972137451173,"y":-0.024291038513183595,"z":-0.29153817892074587},"rotation":{"x":0.007801007945090532,"y":0.04379631578922272,"z":-0.0003414316743146628,"w":0.9990173578262329},"size":2.3676466941833498,"orthographic":false}