{"cameraMode":{"drawMode":0,"name":"Shaded","section":"Shading Mode"},"sceneLighting":false,"audioPlay":false,"sceneViewState":{"showFog":true,"showMaterialUpdate":false,"showSkybox":false,"showFlares":true,"showImageEffects":true,"showParticleSystems":true,"showVisualEffectGraphs":true,"m_FxEnabled":true},"in2DMode":false,"pivot":{"x":-0.23784512281417848,"y":0.042232394218444827,"z":-0.44005200266838076},"rotation":{"x":0.02996310219168663,"y":0.14968007802963258,"z":-0.004532619379460812,"w":0.9882888197898865},"size":2.4099209308624269,"orthographic":false}