{"cameraMode":{"drawMode":0,"name":"Shaded","section":"Shading Mode"},"sceneLighting":false,"audioPlay":false,"sceneViewState":{"showFog":true,"showMaterialUpdate":false,"showSkybox":false,"showFlares":true,"showImageEffects":true,"showParticleSystems":true,"showVisualEffectGraphs":true,"m_FxEnabled":true},"in2DMode":false,"pivot":{"x":0.17600613832473756,"y":-0.02281707525253296,"z":0.005756676197052002},"rotation":{"x":0.10063669830560684,"y":-0.007151958532631397,"z":0.0007296023541130126,"w":0.9949145913124085},"size":2.725665330886841,"orthographic":false}