{"cameraMode":{"drawMode":0,"name":"Shaded","section":"Shading Mode"},"sceneLighting":false,"audioPlay":false,"sceneViewState":{"showFog":true,"showMaterialUpdate":false,"showSkybox":false,"showFlares":true,"showImageEffects":true,"showParticleSystems":true,"showVisualEffectGraphs":true,"m_FxEnabled":true},"in2DMode":false,"pivot":{"x":0.10426372289657593,"y":-0.4276294708251953,"z":0.1827896237373352},"rotation":{"x":0.15381060540676118,"y":-0.20267219841480256,"z":0.03225494921207428,"w":0.9665657877922058},"size":2.329108953475952,"orthographic":false}