{"cameraMode":{"drawMode":0,"name":"Shaded","section":"Shading Mode"},"sceneLighting":false,"audioPlay":false,"sceneViewState":{"showFog":true,"showMaterialUpdate":false,"showSkybox":false,"showFlares":true,"showImageEffects":true,"showParticleSystems":true,"showVisualEffectGraphs":true,"m_FxEnabled":true},"in2DMode":false,"pivot":{"x":0.17640948295593263,"y":-0.02429097890853882,"z":-0.2915380001068115},"rotation":{"x":0.046792082488536838,"y":0.0003106103977188468,"z":-0.00002058900281554088,"w":0.9989307522773743},"size":2.367647171020508,"orthographic":false}