{"cameraMode":{"drawMode":0,"name":"Shaded","section":"Shading Mode"},"sceneLighting":true,"audioPlay":false,"sceneViewState":{"showFog":true,"showMaterialUpdate":false,"showSkybox":true,"showFlares":true,"showImageEffects":true,"showParticleSystems":true,"showVisualEffectGraphs":true,"m_FxEnabled":true},"in2DMode":false,"pivot":{"x":1.3245785236358643,"y":0.6578633785247803,"z":0.8328022956848145},"rotation":{"x":0.16346465051174165,"y":0.14006833732128144,"z":-0.02345263585448265,"w":0.9762747883796692},"size":5.966026306152344,"orthographic":false}